iteration,cost,cost_change,eta,is_successful,is_valid,gradient_norm,step_norm,trust_region_radius,line_search_iterations,linear_solver_iterations,step_solver_time_in_seconds,iteration_time_in_seconds,cumulative_time_in_seconds
0,4.41324e+06,0,0.1,1,1,1.74786e+08,0,10000,0,0,0,0.0236144,0.0747726
1,130866,4.28237e+06,0,1,1,2.28835e+07,163.104,30000,0,1,0.0513816,0.0815575,0.15637
2,32127.6,98738.4,0,1,1,4.66911e+06,139.471,30000,0,1,0.0349411,0.055347,0.211753
3,30382.6,1744.97,0,1,1,48827.5,8.10473,30000,0,1,0.0298221,0.0516726,0.263462
4,30378.6,3.9594,0,1,1,1132.82,1.0261,30000,0,1,0.0277563,0.0458549,0.309347
