iteration,cost,cost_change,eta,is_successful,is_valid,gradient_norm,step_norm,trust_region_radius,line_search_iterations,linear_solver_iterations,step_solver_time_in_seconds,iteration_time_in_seconds,cumulative_time_in_seconds
0,4.41324e+06,0,0.1,1,1,1.74786e+08,0,10000,0,0,0,0.0143583,0.0682511
1,130965,4.28227e+06,0,1,1,2.28132e+07,163.11,30000,0,1,0.0392222,0.0524245,0.120707
2,32127.6,98837.8,0,1,1,4.66884e+06,139.459,30000,0,1,0.0270055,0.0390814,0.159865
3,30382.6,1744.96,0,1,1,48833.2,8.10604,30000,0,1,0.0208026,0.0325322,0.192427
4,30378.6,3.95981,0,1,1,1132.74,1.02602,30000,0,1,0.0229545,0.0425196,0.234972
