iteration,cost,cost_change,eta,is_successful,is_valid,gradient_norm,step_norm,trust_region_radius,line_search_iterations,linear_solver_iterations,step_solver_time_in_seconds,iteration_time_in_seconds,cumulative_time_in_seconds
0,4.41324e+06,0,0.1,1,1,1.74786e+08,0,10000,0,0,0,0.0229038,0.0753963
1,130866,4.28237e+06,0,1,1,2.28835e+07,163.104,30000,0,1,0.0416776,0.0724072,0.147833
2,32127.6,98738.4,0,1,1,4.66911e+06,139.471,30000,0,1,0.0342264,0.0587662,0.206645
3,30382.6,1744.97,0,1,1,48827.5,8.10473,30000,0,1,0.0271518,0.0465917,0.253275
4,30378.6,3.9594,0,1,1,1132.82,1.0261,30000,0,1,0.0282494,0.0468157,0.300122
